-- init.sql
-- 在資料庫中啟用擴充套件
CREATE EXTENSION IF NOT EXISTS vector;
-- CREATE EXTENSION IF NOT EXISTS zhparser;
-- CREATE EXTENSION IF NOT EXISTS postgis;
CREATE EXTENSION IF NOT EXISTS "uuid-ossp";

-- 建立一個中文全文檢索設定
-- 這將允許我們在查詢中使用 'public.zh_en_config'
-- DROP TEXT SEARCH CONFIGURATION IF EXISTS cga_zh_config CASCADE;
-- CREATE TEXT SEARCH CONFIGURATION cga_zh_config (PARSER = zhparser);
-- ALTER TEXT SEARCH CONFIGURATION cga_zh_config ADD MAPPING FOR n,v,a,i,e,l,j WITH simple;

DROP TABLE IF EXISTS "user_roles";
DROP TABLE IF EXISTS "roles";
DROP TABLE IF EXISTS "users";
CREATE TABLE "users"
(
    "id"            INTEGER      NOT NULL UNIQUE GENERATED BY DEFAULT AS IDENTITY,
    "account"       VARCHAR(100) NOT NULL,
    "provider"      VARCHAR(50)  NOT NULL,
    "password_hash" VARCHAR(255) NOT NULL,
    "is_active"     BOOLEAN      NOT NULL DEFAULT TRUE,
    "created_at"    TIMESTAMPTZ  NOT NULL DEFAULT CURRENT_TIMESTAMP,
    "updated_at"    TIMESTAMPTZ,
    PRIMARY KEY ("id"),
    UNIQUE ("provider", "account")
);
COMMENT ON TABLE "users" IS '使用者核心資料表 @oso={"rules":[{"actor":"admin","actions":["read","create","update","delete"],"condition":null},{"actor":"editor","actions":["read","create","update","delete"],"condition":{"field":"id","operator":"eq","target":"actor.id"}},{"actor":"viewer","actions":["read"],"condition":{"field":"id","operator":"eq","target":"actor.id"}}]}';
COMMENT ON COLUMN "users"."id" IS '流水號';
COMMENT ON COLUMN "users"."account" IS '用戶帳號 (email/phone/google/github/line/etc.) @validate="required,email|e164"';
COMMENT ON COLUMN "users"."provider" IS '登入提供商 (email/phone/google/github/line/etc.)';
COMMENT ON COLUMN "users"."password_hash" IS '密碼雜湊 @type=encode @alias=password @rule=hide';
COMMENT ON COLUMN "users"."is_active" IS '是否啟用';
COMMENT ON COLUMN "users"."created_at" IS '資料建立時間 @type=auto_createdtime';
COMMENT ON COLUMN "users"."updated_at" IS '資料更新時間 @type=auto_updatedtime';
CREATE INDEX "user_account_index" ON "users" ("account");

CREATE TABLE "roles"
(
    "id"          INTEGER      NOT NULL UNIQUE GENERATED BY DEFAULT AS IDENTITY,
    "name"        VARCHAR(100) NOT NULL UNIQUE,
    "description" TEXT,
    "created_at"  TIMESTAMPTZ  NOT NULL DEFAULT CURRENT_TIMESTAMP,
    "updated_at"  TIMESTAMPTZ,
    PRIMARY KEY ("id")
);
COMMENT ON TABLE "roles" IS '角色定義表 @oso={"rules":[{"actor":"admin","actions":["read","create","update","delete"],"condition":null}]}';
COMMENT ON COLUMN "roles"."id" IS '流水號';
COMMENT ON COLUMN "roles"."name" IS '角色名稱';
COMMENT ON COLUMN "roles"."description" IS '角色描述';
COMMENT ON COLUMN "roles"."created_at" IS '資料新增時間 @type=auto_createdtime';
COMMENT ON COLUMN "roles"."updated_at" IS '資料更新時間 @type=auto_updatedtime';

CREATE TABLE "user_roles"
(
    "id"         INTEGER     NOT NULL UNIQUE GENERATED BY DEFAULT AS IDENTITY,
    "user_id"    INTEGER     NOT NULL,
    "role_id"    INTEGER     NOT NULL,
    "created_at" TIMESTAMPTZ NOT NULL DEFAULT CURRENT_TIMESTAMP,
    "updated_at" TIMESTAMPTZ,
    PRIMARY KEY ("id"),
    UNIQUE ("user_id", "role_id")
);
COMMENT ON TABLE "user_roles" IS '使用者與角色的關聯表 @oso={"rules":[{"actor":"admin","actions":["read","create","update","delete"],"condition":null}]}';
COMMENT ON COLUMN "user_roles"."id" IS '流水號';
COMMENT ON COLUMN "user_roles"."user_id" IS '用戶流水號';
COMMENT ON COLUMN "user_roles"."role_id" IS '角色流水號';
COMMENT ON COLUMN "user_roles"."created_at" IS '資料建立時間 @type=auto_createdtime';
COMMENT ON COLUMN "user_roles"."updated_at" IS '資料更新時間 @type=auto_updatedtime';
CREATE INDEX "user_roles_user_id_index" ON "user_roles" ("user_id");
ALTER TABLE "user_roles"
    ADD FOREIGN KEY ("user_id") REFERENCES "users" ("id") ON UPDATE NO ACTION ON DELETE CASCADE;
ALTER TABLE "user_roles"
    ADD FOREIGN KEY ("role_id") REFERENCES "roles" ("id") ON UPDATE NO ACTION ON DELETE CASCADE;

-- 插入角色
INSERT INTO "roles" ("id", "name", "description")
VALUES (1, 'admin', '超級管理員，擁有所有權限'),
       (2, 'editor', '可以看、編輯'),
       (3, 'viewer', '只能看'),
       (4, 'user', '一般使用者，可以讀寫自己的資料'),
       (5, 'manager', '商品管理員，可以讀寫商品資料');

-- 插入使用者 (密碼皆為 '12345678')
-- bcrypt hash for '12345678': $2a$12$m/sKHoIjak9UxArZeLB6eeFMUlH5WgIPO5ueMwTiG5v6rH5cmRjO2
INSERT INTO "users" ("id", "account", "provider", "password_hash")
VALUES (1, 'admin@admin.com', 'email', '$2a$12$m/sKHoIjak9UxArZeLB6eeFMUlH5WgIPO5ueMwTiG5v6rH5cmRjO2'),
       (2, 'editor@admin.com', 'email', '$2a$12$m/sKHoIjak9UxArZeLB6eeFMUlH5WgIPO5ueMwTiG5v6rH5cmRjO2'),
       (3, 'viewer@admin.com', 'email', '$2a$12$m/sKHoIjak9UxArZeLB6eeFMUlH5WgIPO5ueMwTiG5v6rH5cmRjO2'),
       (4, 'user@admin.com', 'email', '$2a$12$m/sKHoIjak9UxArZeLB6eeFMUlH5WgIPO5ueMwTiG5v6rH5cmRjO2'),
       (5, 'user2@admin.com', 'email', '$2a$12$m/sKHoIjak9UxArZeLB6eeFMUlH5WgIPO5ueMwTiG5v6rH5cmRjO2'),
       (6, 'manager@admin.com', 'email', '$2a$12$m/sKHoIjak9UxArZeLB6eeFMUlH5WgIPO5ueMwTiG5v6rH5cmRjO2');

-- 分配角色給使用者
INSERT INTO "user_roles" ("user_id", "role_id")
VALUES (1, 1), -- admin -> admin
       (2, 2), -- editor -> editor
       (3, 3), -- viewer -> viewer
       (4, 4), -- user -> user
       (5, 4), -- user2 -> user
       (6, 5);
-- manager -> manager

-- 手動將序列的計數器更新到最大ID，避免手動插入ID後產生衝突
SELECT setval('users_id_seq', (SELECT MAX(id) FROM users));
SELECT setval('roles_id_seq', (SELECT MAX(id) FROM roles));


-- 建立一個 trigger function，用於在更新時自動更新 updated_at 欄位
CREATE OR REPLACE FUNCTION update_updated_at_column()
RETURNS TRIGGER AS $$
BEGIN
   NEW.updated_at = NOW();
   RETURN NEW;
END;
$$ language 'plpgsql';

-- 為每個需要自動更新 updated_at 的資料表建立 trigger
CREATE TRIGGER update_users_updated_at BEFORE UPDATE ON users FOR EACH ROW EXECUTE PROCEDURE update_updated_at_column();
CREATE TRIGGER update_roles_updated_at BEFORE UPDATE ON roles FOR EACH ROW EXECUTE PROCEDURE update_updated_at_column();
CREATE TRIGGER update_user_roles_updated_at BEFORE UPDATE ON user_roles FOR EACH ROW EXECUTE PROCEDURE update_updated_at_column();


-- 使用者詳細資料表
DROP TABLE IF EXISTS "user_profiles";
CREATE TABLE "user_profiles" (
    "id"            INTEGER      NOT NULL UNIQUE GENERATED BY DEFAULT AS IDENTITY,
    "user_id"       INTEGER      NOT NULL UNIQUE,
    "nickname"      VARCHAR(100),
    "name"          VARCHAR(100),
    "age"           SMALLINT,
    "phone"         VARCHAR(20),
    "address"       TEXT,
    "avatar"        VARCHAR(255),
    "created_at"    TIMESTAMPTZ  NOT NULL DEFAULT CURRENT_TIMESTAMP,
    "updated_at"    TIMESTAMPTZ,
    PRIMARY KEY ("id"),
    CONSTRAINT fk_user FOREIGN KEY (user_id) REFERENCES users(id) ON DELETE CASCADE
);
COMMENT ON TABLE "user_profiles" IS '使用者詳細資料擴充表';
COMMENT ON COLUMN "user_profiles"."id" IS '流水號';
COMMENT ON COLUMN "user_profiles"."user_id" IS '關聯用戶 ID';
COMMENT ON COLUMN "user_profiles"."nickname" IS '暱稱';
COMMENT ON COLUMN "user_profiles"."name" IS '真實姓名';
COMMENT ON COLUMN "user_profiles"."age" IS '年齡';
COMMENT ON COLUMN "user_profiles"."phone" IS '聯絡電話';
COMMENT ON COLUMN "user_profiles"."address" IS '住址';
COMMENT ON COLUMN "user_profiles"."avatar" IS '頭像 URL';
COMMENT ON COLUMN "user_profiles"."created_at" IS '資料建立時間';
COMMENT ON COLUMN "user_profiles"."updated_at" IS '資料更新時間';
CREATE TRIGGER update_user_profiles_updated_at BEFORE UPDATE ON user_profiles FOR EACH ROW EXECUTE PROCEDURE update_updated_at_column();
INSERT INTO "user_profiles" ("user_id", "nickname", "name", "age", "phone", "address") VALUES (1, 'Admin-Master', 'Infar Admin', 25, '0912345678', 'Infar HQ, Cloud City');

-- 訂單表 (測試用)
DROP TABLE IF EXISTS "orders";
CREATE TABLE "orders" (
    "id"            INTEGER      NOT NULL UNIQUE GENERATED BY DEFAULT AS IDENTITY,
    "user_id"       INTEGER      NOT NULL,
    "order_no"      VARCHAR(50)  NOT NULL UNIQUE,
    "amount"        DECIMAL(10,2) NOT NULL DEFAULT 0,
    "status"        SMALLINT     NOT NULL DEFAULT 0, -- 0:待付款, 1:已付款, 2:已取消
    "created_at"    TIMESTAMPTZ  NOT NULL DEFAULT CURRENT_TIMESTAMP,
    "updated_at"    TIMESTAMPTZ,
    PRIMARY KEY ("id")
);
COMMENT ON TABLE "orders" IS '訂單主表';
COMMENT ON COLUMN "orders"."user_id" IS '用戶 ID';
COMMENT ON COLUMN "orders"."order_no" IS '訂單編號';
COMMENT ON COLUMN "orders"."status" IS '訂單狀態';
CREATE TRIGGER update_orders_updated_at BEFORE UPDATE ON orders FOR EACH ROW EXECUTE PROCEDURE update_updated_at_column();

-- 銷售統計表 (Flink 聚合結果)
DROP TABLE IF EXISTS "sales_stats";
CREATE TABLE "sales_stats" (
    "product_id"    INTEGER      NOT NULL,
    "total_orders"  BIGINT       NOT NULL DEFAULT 0,
    "total_revenue" DECIMAL(15,2) NOT NULL DEFAULT 0,
    "updated_at"    TIMESTAMPTZ  NOT NULL DEFAULT CURRENT_TIMESTAMP,
    PRIMARY KEY ("product_id")
);
COMMENT ON TABLE "sales_stats" IS '商品即時銷售匯總表 (由 Flink 維護)';


-- 商品表 (秒殺範例)
DROP TABLE IF EXISTS "products";
CREATE TABLE "products" (
    "id"            INTEGER      NOT NULL UNIQUE GENERATED BY DEFAULT AS IDENTITY,
    "name"          VARCHAR(100) NOT NULL,
    "description"   TEXT,
    "price"         DECIMAL(10,2) NOT NULL DEFAULT 0,
    "created_at"    TIMESTAMPTZ  NOT NULL DEFAULT CURRENT_TIMESTAMP,
    "updated_at"    TIMESTAMPTZ,
    PRIMARY KEY ("id")
);
COMMENT ON TABLE "products" IS '商品表';
CREATE TRIGGER update_products_updated_at BEFORE UPDATE ON products FOR EACH ROW EXECUTE PROCEDURE update_updated_at_column();

INSERT INTO "products" ("id", "name", "description", "price") VALUES (1, 'iPhone 18 Pro Max', 'Apple 旗艦手機，限量秒殺', 39900.00);

-- 庫存表 (秒殺範例)
DROP TABLE IF EXISTS "stocks";
CREATE TABLE "stocks" (
    "id"            INTEGER      NOT NULL UNIQUE GENERATED BY DEFAULT AS IDENTITY,
    "product_id"    INTEGER      NOT NULL UNIQUE,
    "total"         INTEGER      NOT NULL DEFAULT 0,
    "created_at"    TIMESTAMPTZ  NOT NULL DEFAULT CURRENT_TIMESTAMP,
    "updated_at"    TIMESTAMPTZ,
    PRIMARY KEY ("id"),
    CONSTRAINT fk_stock_product FOREIGN KEY (product_id) REFERENCES products(id) ON DELETE CASCADE
);
COMMENT ON TABLE "stocks" IS '商品庫存表';
CREATE TRIGGER update_stocks_updated_at BEFORE UPDATE ON stocks FOR EACH ROW EXECUTE PROCEDURE update_updated_at_column();

INSERT INTO "stocks" ("product_id", "total") VALUES (1, 100);
